"LOCATION","INDICATOR","SUBJECT","MEASURE","FREQUENCY","TIME","Value","Flag Codes"
"AUS","PPP","TOT","NATUSD","A","2000",1.311512,
"AUS","PPP","TOT","NATUSD","A","2001",1.326073,
"AUS","PPP","TOT","NATUSD","A","2002",1.33649,
"AUS","PPP","TOT","NATUSD","A","2003",1.353236,
"AUS","PPP","TOT","NATUSD","A","2004",1.365806,
"AUS","PPP","TOT","NATUSD","A","2005",1.388356,
"AUS","PPP","TOT","NATUSD","A","2006",1.403522,
"AUS","PPP","TOT","NATUSD","A","2007",1.426868,
"AUS","PPP","TOT","NATUSD","A","2008",1.479073,
"AUS","PPP","TOT","NATUSD","A","2009",1.442545,
"AUS","PPP","TOT","NATUSD","A","2010",1.503317,
"AUS","PPP","TOT","NATUSD","A","2011",1.511052,
"AUS","PPP","TOT","NATUSD","A","2012",1.540115,
"AUS","PPP","TOT","NATUSD","A","2013",1.447123,
"AUS","PPP","TOT","NATUSD","A","2014",1.452489,
"AUS","PPP","TOT","NATUSD","A","2015",1.473691,
"AUS","PPP","TOT","NATUSD","A","2016",1.450156,
"AUS","PPP","TOT","NATUSD","A","2017",1.477553,
"AUS","PPP","TOT","NATUSD","A","2018",1.458114,
"AUS","PPP","TOT","NATUSD","A","2019",1.429759,
"AUS","PPP","TOT","NATUSD","A","2020",1.407781,
"AUT","PPP","TOT","NATUSD","A","2000",0.90762,
"AUT","PPP","TOT","NATUSD","A","2001",0.923168,
"AUT","PPP","TOT","NATUSD","A","2002",0.899797,
"AUT","PPP","TOT","NATUSD","A","2003",0.888168,
"AUT","PPP","TOT","NATUSD","A","2004",0.878078,
"AUT","PPP","TOT","NATUSD","A","2005",0.881939,
"AUT","PPP","TOT","NATUSD","A","2006",0.860024,
"AUT","PPP","TOT","NATUSD","A","2007",0.868179,
"AUT","PPP","TOT","NATUSD","A","2008",0.854424,
"AUT","PPP","TOT","NATUSD","A","2009",0.843731,
"AUT","PPP","TOT","NATUSD","A","2010",0.84219,
"AUT","PPP","TOT","NATUSD","A","2011",0.831374,
"AUT","PPP","TOT","NATUSD","A","2012",0.813648,
"AUT","PPP","TOT","NATUSD","A","2013",0.797081,
"AUT","PPP","TOT","NATUSD","A","2014",0.798797,
"AUT","PPP","TOT","NATUSD","A","2015",0.798813,
"AUT","PPP","TOT","NATUSD","A","2016",0.776931,
"AUT","PPP","TOT","NATUSD","A","2017",0.775009,
"AUT","PPP","TOT","NATUSD","A","2018",0.76626,
"AUT","PPP","TOT","NATUSD","A","2019",0.769987,
"AUT","PPP","TOT","NATUSD","A","2020",0.762386,
"BEL","PPP","TOT","NATUSD","A","2000",0.900114,
"BEL","PPP","TOT","NATUSD","A","2001",0.89263,
"BEL","PPP","TOT","NATUSD","A","2002",0.8733,
"BEL","PPP","TOT","NATUSD","A","2003",0.876113,
"BEL","PPP","TOT","NATUSD","A","2004",0.888326,
"BEL","PPP","TOT","NATUSD","A","2005",0.891788,
"BEL","PPP","TOT","NATUSD","A","2006",0.874269,
"BEL","PPP","TOT","NATUSD","A","2007",0.878973,
"BEL","PPP","TOT","NATUSD","A","2008",0.86694,
"BEL","PPP","TOT","NATUSD","A","2009",0.85011,
"BEL","PPP","TOT","NATUSD","A","2010",0.836572,
"BEL","PPP","TOT","NATUSD","A","2011",0.831911,
"BEL","PPP","TOT","NATUSD","A","2012",0.822137,
"BEL","PPP","TOT","NATUSD","A","2013",0.806166,
"BEL","PPP","TOT","NATUSD","A","2014",0.800214,
"BEL","PPP","TOT","NATUSD","A","2015",0.799998,
"BEL","PPP","TOT","NATUSD","A","2016",0.781011,
"BEL","PPP","TOT","NATUSD","A","2017",0.775634,
"BEL","PPP","TOT","NATUSD","A","2018",0.767266,
"BEL","PPP","TOT","NATUSD","A","2019",0.766075,
"BEL","PPP","TOT","NATUSD","A","2020",0.743996,
"CAN","PPP","TOT","NATUSD","A","2000",1.227599,
"CAN","PPP","TOT","NATUSD","A","2001",1.220464,
"CAN","PPP","TOT","NATUSD","A","2002",1.229333,
"CAN","PPP","TOT","NATUSD","A","2003",1.225714,
"CAN","PPP","TOT","NATUSD","A","2004",1.232662,
"CAN","PPP","TOT","NATUSD","A","2005",1.213644,
"CAN","PPP","TOT","NATUSD","A","2006",1.205365,
"CAN","PPP","TOT","NATUSD","A","2007",1.212099,
"CAN","PPP","TOT","NATUSD","A","2008",1.23439,
"CAN","PPP","TOT","NATUSD","A","2009",1.202244,
"CAN","PPP","TOT","NATUSD","A","2010",1.22182,
"CAN","PPP","TOT","NATUSD","A","2011",1.239904,
"CAN","PPP","TOT","NATUSD","A","2012",1.244607,
"CAN","PPP","TOT","NATUSD","A","2013",1.224,
"CAN","PPP","TOT","NATUSD","A","2014",1.230358,
"CAN","PPP","TOT","NATUSD","A","2015",1.248042,
"CAN","PPP","TOT","NATUSD","A","2016",1.207045,
"CAN","PPP","TOT","NATUSD","A","2017",1.212304,
"CAN","PPP","TOT","NATUSD","A","2018",1.215811,
"CAN","PPP","TOT","NATUSD","A","2019",1.258308,
"CAN","PPP","TOT","NATUSD","A","2020",1.260869,
"CZE","PPP","TOT","NATUSD","A","2000",14.332421,
"CZE","PPP","TOT","NATUSD","A","2001",14.326301,
"CZE","PPP","TOT","NATUSD","A","2002",14.458321,
"CZE","PPP","TOT","NATUSD","A","2003",14.176016,
"CZE","PPP","TOT","NATUSD","A","2004",14.426129,
"CZE","PPP","TOT","NATUSD","A","2005",14.562493,
"CZE","PPP","TOT","NATUSD","A","2006",14.414552,
"CZE","PPP","TOT","NATUSD","A","2007",14.258779,
"CZE","PPP","TOT","NATUSD","A","2008",13.916713,
"CZE","PPP","TOT","NATUSD","A","2009",13.638435,
"CZE","PPP","TOT","NATUSD","A","2010",13.672004,
"CZE","PPP","TOT","NATUSD","A","2011",13.345305,
"CZE","PPP","TOT","NATUSD","A","2012",13.297699,
"CZE","PPP","TOT","NATUSD","A","2013",12.785271,
"CZE","PPP","TOT","NATUSD","A","2014",12.70321,
"CZE","PPP","TOT","NATUSD","A","2015",12.93798,
"CZE","PPP","TOT","NATUSD","A","2016",12.576343,
"CZE","PPP","TOT","NATUSD","A","2017",12.424986,
"CZE","PPP","TOT","NATUSD","A","2018",12.385395,
"CZE","PPP","TOT","NATUSD","A","2019",12.64964,
"CZE","PPP","TOT","NATUSD","A","2020",12.767303,
"DNK","PPP","TOT","NATUSD","A","2000",8.671299,
"DNK","PPP","TOT","NATUSD","A","2001",8.694404,
"DNK","PPP","TOT","NATUSD","A","2002",8.561606,
"DNK","PPP","TOT","NATUSD","A","2003",8.647856,
"DNK","PPP","TOT","NATUSD","A","2004",8.459827,
"DNK","PPP","TOT","NATUSD","A","2005",8.569438,
"DNK","PPP","TOT","NATUSD","A","2006",8.287109,
"DNK","PPP","TOT","NATUSD","A","2007",8.162445,
"DNK","PPP","TOT","NATUSD","A","2008",7.944128,
"DNK","PPP","TOT","NATUSD","A","2009",7.731134,
"DNK","PPP","TOT","NATUSD","A","2010",7.590837,
"DNK","PPP","TOT","NATUSD","A","2011",7.466492,
"DNK","PPP","TOT","NATUSD","A","2012",7.564136,
"DNK","PPP","TOT","NATUSD","A","2013",7.354846,
"DNK","PPP","TOT","NATUSD","A","2014",7.328674,
"DNK","PPP","TOT","NATUSD","A","2015",7.305357,
"DNK","PPP","TOT","NATUSD","A","2016",7.079856,
"DNK","PPP","TOT","NATUSD","A","2017",6.871679,
"DNK","PPP","TOT","NATUSD","A","2018",6.773581,
"DNK","PPP","TOT","NATUSD","A","2019",6.784282,
"DNK","PPP","TOT","NATUSD","A","2020",6.619343,
"FIN","PPP","TOT","NATUSD","A","2000",0.984123,
"FIN","PPP","TOT","NATUSD","A","2001",1.002939,
"FIN","PPP","TOT","NATUSD","A","2002",0.998133,
"FIN","PPP","TOT","NATUSD","A","2003",1.002002,
"FIN","PPP","TOT","NATUSD","A","2004",0.973211,
"FIN","PPP","TOT","NATUSD","A","2005",0.979424,
"FIN","PPP","TOT","NATUSD","A","2006",0.952864,
"FIN","PPP","TOT","NATUSD","A","2007",0.934816,
"FIN","PPP","TOT","NATUSD","A","2008",0.912125,
"FIN","PPP","TOT","NATUSD","A","2009",0.896502,
"FIN","PPP","TOT","NATUSD","A","2010",0.900476,
"FIN","PPP","TOT","NATUSD","A","2011",0.898068,
"FIN","PPP","TOT","NATUSD","A","2012",0.908495,
"FIN","PPP","TOT","NATUSD","A","2013",0.905357,
"FIN","PPP","TOT","NATUSD","A","2014",0.90721,
"FIN","PPP","TOT","NATUSD","A","2015",0.907748,
"FIN","PPP","TOT","NATUSD","A","2016",0.880895,
"FIN","PPP","TOT","NATUSD","A","2017",0.863657,
"FIN","PPP","TOT","NATUSD","A","2018",0.854703,
"FIN","PPP","TOT","NATUSD","A","2019",0.8623,
"FIN","PPP","TOT","NATUSD","A","2020",0.843277,
"FRA","PPP","TOT","NATUSD","A","2000",0.930369,
"FRA","PPP","TOT","NATUSD","A","2001",0.911948,
"FRA","PPP","TOT","NATUSD","A","2002",0.900678,
"FRA","PPP","TOT","NATUSD","A","2003",0.929893,
"FRA","PPP","TOT","NATUSD","A","2004",0.935127,
"FRA","PPP","TOT","NATUSD","A","2005",0.916458,
"FRA","PPP","TOT","NATUSD","A","2006",0.894688,
"FRA","PPP","TOT","NATUSD","A","2007",0.888771,
"FRA","PPP","TOT","NATUSD","A","2008",0.881874,
"FRA","PPP","TOT","NATUSD","A","2009",0.862966,
"FRA","PPP","TOT","NATUSD","A","2010",0.854632,
"FRA","PPP","TOT","NATUSD","A","2011",0.841361,
"FRA","PPP","TOT","NATUSD","A","2012",0.844301,
"FRA","PPP","TOT","NATUSD","A","2013",0.811643,
"FRA","PPP","TOT","NATUSD","A","2014",0.807565,
"FRA","PPP","TOT","NATUSD","A","2015",0.808694,
"FRA","PPP","TOT","NATUSD","A","2016",0.780044,
"FRA","PPP","TOT","NATUSD","A","2017",0.770109,
"FRA","PPP","TOT","NATUSD","A","2018",0.757014,
"FRA","PPP","TOT","NATUSD","A","2019",0.737872,
"FRA","PPP","TOT","NATUSD","A","2020",0.72585,
"DEU","PPP","TOT","NATUSD","A","2000",0.943211,
"DEU","PPP","TOT","NATUSD","A","2001",0.929967,
"DEU","PPP","TOT","NATUSD","A","2002",0.913257,
"DEU","PPP","TOT","NATUSD","A","2003",0.895937,
"DEU","PPP","TOT","NATUSD","A","2004",0.875063,
"DEU","PPP","TOT","NATUSD","A","2005",0.872721,
"DEU","PPP","TOT","NATUSD","A","2006",0.847574,
"DEU","PPP","TOT","NATUSD","A","2007",0.837303,
"DEU","PPP","TOT","NATUSD","A","2008",0.820401,
"DEU","PPP","TOT","NATUSD","A","2009",0.811106,
"DEU","PPP","TOT","NATUSD","A","2010",0.80504,
"DEU","PPP","TOT","NATUSD","A","2011",0.788739,
"DEU","PPP","TOT","NATUSD","A","2012",0.787246,
"DEU","PPP","TOT","NATUSD","A","2013",0.774784,
"DEU","PPP","TOT","NATUSD","A","2014",0.768937,
"DEU","PPP","TOT","NATUSD","A","2015",0.778122,
"DEU","PPP","TOT","NATUSD","A","2016",0.752608,
"DEU","PPP","TOT","NATUSD","A","2017",0.744783,
"DEU","PPP","TOT","NATUSD","A","2018",0.736272,
"DEU","PPP","TOT","NATUSD","A","2019",0.750293,
"DEU","PPP","TOT","NATUSD","A","2020",0.736867,
"GRC","PPP","TOT","NATUSD","A","2000",0.669773,
"GRC","PPP","TOT","NATUSD","A","2001",0.66865,
"GRC","PPP","TOT","NATUSD","A","2002",0.662967,
"GRC","PPP","TOT","NATUSD","A","2003",0.685082,
"GRC","PPP","TOT","NATUSD","A","2004",0.694514,
"GRC","PPP","TOT","NATUSD","A","2005",0.708976,
"GRC","PPP","TOT","NATUSD","A","2006",0.692455,
"GRC","PPP","TOT","NATUSD","A","2007",0.718317,
"GRC","PPP","TOT","NATUSD","A","2008",0.707951,
"GRC","PPP","TOT","NATUSD","A","2009",0.704432,
"GRC","PPP","TOT","NATUSD","A","2010",0.721977,
"GRC","PPP","TOT","NATUSD","A","2011",0.713163,
"GRC","PPP","TOT","NATUSD","A","2012",0.684663,
"GRC","PPP","TOT","NATUSD","A","2013",0.631286,
"GRC","PPP","TOT","NATUSD","A","2014",0.611135,
"GRC","PPP","TOT","NATUSD","A","2015",0.60907,
"GRC","PPP","TOT","NATUSD","A","2016",0.58858,
"GRC","PPP","TOT","NATUSD","A","2017",0.575041,
"GRC","PPP","TOT","NATUSD","A","2018",0.56549,
"GRC","PPP","TOT","NATUSD","A","2019",0.562435,
"GRC","PPP","TOT","NATUSD","A","2020",0.551697,
"HUN","PPP","TOT","NATUSD","A","2000",110.086598,
"HUN","PPP","TOT","NATUSD","A","2001",114.440223,
"HUN","PPP","TOT","NATUSD","A","2002",118.141282,
"HUN","PPP","TOT","NATUSD","A","2003",122.012198,
"HUN","PPP","TOT","NATUSD","A","2004",128.382006,
"HUN","PPP","TOT","NATUSD","A","2005",130.929945,
"HUN","PPP","TOT","NATUSD","A","2006",131.490535,
"HUN","PPP","TOT","NATUSD","A","2007",134.066824,
"HUN","PPP","TOT","NATUSD","A","2008",131.005355,
"HUN","PPP","TOT","NATUSD","A","2009",127.690292,
"HUN","PPP","TOT","NATUSD","A","2010",126.410628,
"HUN","PPP","TOT","NATUSD","A","2011",124.271836,
"HUN","PPP","TOT","NATUSD","A","2012",125.623608,
"HUN","PPP","TOT","NATUSD","A","2013",124.979432,
"HUN","PPP","TOT","NATUSD","A","2014",129.414974,
"HUN","PPP","TOT","NATUSD","A","2015",132.55351,
"HUN","PPP","TOT","NATUSD","A","2016",132.033797,
"HUN","PPP","TOT","NATUSD","A","2017",136.036522,
"HUN","PPP","TOT","NATUSD","A","2018",139.248354,
"HUN","PPP","TOT","NATUSD","A","2019",144.985355,
"HUN","PPP","TOT","NATUSD","A","2020",148.504581,
"ISL","PPP","TOT","NATUSD","A","2000",84.733554,
"ISL","PPP","TOT","NATUSD","A","2001",88.320979,
"ISL","PPP","TOT","NATUSD","A","2002",91.105413,
"ISL","PPP","TOT","NATUSD","A","2003",92.608203,
"ISL","PPP","TOT","NATUSD","A","2004",93.28674,
"ISL","PPP","TOT","NATUSD","A","2005",95.840665,
"ISL","PPP","TOT","NATUSD","A","2006",101.632762,
"ISL","PPP","TOT","NATUSD","A","2007",107.360854,
"ISL","PPP","TOT","NATUSD","A","2008",114.527003,
"ISL","PPP","TOT","NATUSD","A","2009",121.975931,
"ISL","PPP","TOT","NATUSD","A","2010",132.880921,
"ISL","PPP","TOT","NATUSD","A","2011",135.152004,
"ISL","PPP","TOT","NATUSD","A","2012",136.96767,
"ISL","PPP","TOT","NATUSD","A","2013",137.022617,
"ISL","PPP","TOT","NATUSD","A","2014",138.547869,
"ISL","PPP","TOT","NATUSD","A","2015",141.974926,
"ISL","PPP","TOT","NATUSD","A","2016",140.02995,
"ISL","PPP","TOT","NATUSD","A","2017",138.277175,
"ISL","PPP","TOT","NATUSD","A","2018",141.128286,
"ISL","PPP","TOT","NATUSD","A","2019",144.855395,
"ISL","PPP","TOT","NATUSD","A","2020",149.384543,
"IRL","PPP","TOT","NATUSD","A","2000",0.943948,
"IRL","PPP","TOT","NATUSD","A","2001",0.969631,
"IRL","PPP","TOT","NATUSD","A","2002",0.981997,
"IRL","PPP","TOT","NATUSD","A","2003",1.003935,
"IRL","PPP","TOT","NATUSD","A","2004",0.991152,
"IRL","PPP","TOT","NATUSD","A","2005",1.011707,
"IRL","PPP","TOT","NATUSD","A","2006",0.978232,
"IRL","PPP","TOT","NATUSD","A","2007",0.957792,
"IRL","PPP","TOT","NATUSD","A","2008",0.944447,
"IRL","PPP","TOT","NATUSD","A","2009",0.901284,
"IRL","PPP","TOT","NATUSD","A","2010",0.849503,
"IRL","PPP","TOT","NATUSD","A","2011",0.831513,
"IRL","PPP","TOT","NATUSD","A","2012",0.823072,
"IRL","PPP","TOT","NATUSD","A","2013",0.811228,
"IRL","PPP","TOT","NATUSD","A","2014",0.819041,
"IRL","PPP","TOT","NATUSD","A","2015",0.809686,
"IRL","PPP","TOT","NATUSD","A","2016",0.794289,
"IRL","PPP","TOT","NATUSD","A","2017",0.794405,
"IRL","PPP","TOT","NATUSD","A","2018",0.793102,
"IRL","PPP","TOT","NATUSD","A","2019",0.826012,
"IRL","PPP","TOT","NATUSD","A","2020",0.799545,
"ITA","PPP","TOT","NATUSD","A","2000",0.805361,
"ITA","PPP","TOT","NATUSD","A","2001",0.816516,
"ITA","PPP","TOT","NATUSD","A","2002",0.823489,
"ITA","PPP","TOT","NATUSD","A","2003",0.833464,
"ITA","PPP","TOT","NATUSD","A","2004",0.851864,
"ITA","PPP","TOT","NATUSD","A","2005",0.855139,
"ITA","PPP","TOT","NATUSD","A","2006",0.822842,
"ITA","PPP","TOT","NATUSD","A","2007",0.809381,
"ITA","PPP","TOT","NATUSD","A","2008",0.783694,
"ITA","PPP","TOT","NATUSD","A","2009",0.771323,
"ITA","PPP","TOT","NATUSD","A","2010",0.773129,
"ITA","PPP","TOT","NATUSD","A","2011",0.758687,
"ITA","PPP","TOT","NATUSD","A","2012",0.747731,
"ITA","PPP","TOT","NATUSD","A","2013",0.737299,
"ITA","PPP","TOT","NATUSD","A","2014",0.739644,
"ITA","PPP","TOT","NATUSD","A","2015",0.738694,
"ITA","PPP","TOT","NATUSD","A","2016",0.700544,
"ITA","PPP","TOT","NATUSD","A","2017",0.689895,
"ITA","PPP","TOT","NATUSD","A","2018",0.681982,
"ITA","PPP","TOT","NATUSD","A","2019",0.677108,
"ITA","PPP","TOT","NATUSD","A","2020",0.66247,
"JPN","PPP","TOT","NATUSD","A","2000",154.691385,
"JPN","PPP","TOT","NATUSD","A","2001",149.641888,
"JPN","PPP","TOT","NATUSD","A","2002",143.774205,
"JPN","PPP","TOT","NATUSD","A","2003",139.579081,
"JPN","PPP","TOT","NATUSD","A","2004",134.401332,
"JPN","PPP","TOT","NATUSD","A","2005",129.551955,
"JPN","PPP","TOT","NATUSD","A","2006",124.448861,
"JPN","PPP","TOT","NATUSD","A","2007",120.319482,
"JPN","PPP","TOT","NATUSD","A","2008",116.845814,
"JPN","PPP","TOT","NATUSD","A","2009",115.219075,
"JPN","PPP","TOT","NATUSD","A","2010",111.709563,
"JPN","PPP","TOT","NATUSD","A","2011",107.454281,
"JPN","PPP","TOT","NATUSD","A","2012",104.273972,
"JPN","PPP","TOT","NATUSD","A","2013",101.302673,
"JPN","PPP","TOT","NATUSD","A","2014",103.052076,
"JPN","PPP","TOT","NATUSD","A","2015",103.469437,
"JPN","PPP","TOT","NATUSD","A","2016",105.519502,
"JPN","PPP","TOT","NATUSD","A","2017",105.101901,
"JPN","PPP","TOT","NATUSD","A","2018",102.971144,
"JPN","PPP","TOT","NATUSD","A","2019",102.977115,
"JPN","PPP","TOT","NATUSD","A","2020",101.220834,
"KOR","PPP","TOT","NATUSD","A","2000",747.736794,
"KOR","PPP","TOT","NATUSD","A","2001",756.699134,
"KOR","PPP","TOT","NATUSD","A","2002",769.77179,
"KOR","PPP","TOT","NATUSD","A","2003",791.293714,
"KOR","PPP","TOT","NATUSD","A","2004",794.711552,
"KOR","PPP","TOT","NATUSD","A","2005",788.920135,
"KOR","PPP","TOT","NATUSD","A","2006",772.216161,
"KOR","PPP","TOT","NATUSD","A","2007",770.085526,
"KOR","PPP","TOT","NATUSD","A","2008",785.717886,
"KOR","PPP","TOT","NATUSD","A","2009",828.420848,
"KOR","PPP","TOT","NATUSD","A","2010",840.991702,
"KOR","PPP","TOT","NATUSD","A","2011",854.585723,
"KOR","PPP","TOT","NATUSD","A","2012",854.887268,
"KOR","PPP","TOT","NATUSD","A","2013",869.081422,
"KOR","PPP","TOT","NATUSD","A","2014",871.878106,
"KOR","PPP","TOT","NATUSD","A","2015",857.483387,
"KOR","PPP","TOT","NATUSD","A","2016",858.809687,
"KOR","PPP","TOT","NATUSD","A","2017",872.624771,
"KOR","PPP","TOT","NATUSD","A","2018",849.237117,
"KOR","PPP","TOT","NATUSD","A","2019",860.52854,
"KOR","PPP","TOT","NATUSD","A","2020",822.997634,
"LUX","PPP","TOT","NATUSD","A","2000",0.955853,
"LUX","PPP","TOT","NATUSD","A","2001",0.963649,
"LUX","PPP","TOT","NATUSD","A","2002",0.956996,
"LUX","PPP","TOT","NATUSD","A","2003",0.964715,
"LUX","PPP","TOT","NATUSD","A","2004",0.951208,
"LUX","PPP","TOT","NATUSD","A","2005",0.946363,
"LUX","PPP","TOT","NATUSD","A","2006",0.916691,
"LUX","PPP","TOT","NATUSD","A","2007",0.921418,
"LUX","PPP","TOT","NATUSD","A","2008",0.900045,
"LUX","PPP","TOT","NATUSD","A","2009",0.903005,
"LUX","PPP","TOT","NATUSD","A","2010",0.925638,
"LUX","PPP","TOT","NATUSD","A","2011",0.905099,
"LUX","PPP","TOT","NATUSD","A","2012",0.90679,
"LUX","PPP","TOT","NATUSD","A","2013",0.895254,
"LUX","PPP","TOT","NATUSD","A","2014",0.884138,
"LUX","PPP","TOT","NATUSD","A","2015",0.881261,
"LUX","PPP","TOT","NATUSD","A","2016",0.851894,
"LUX","PPP","TOT","NATUSD","A","2017",0.84831,
"LUX","PPP","TOT","NATUSD","A","2018",0.849817,
"LUX","PPP","TOT","NATUSD","A","2019",0.860964,
"LUX","PPP","TOT","NATUSD","A","2020",0.862699,
"MEX","PPP","TOT","NATUSD","A","2000",6.103205,
"MEX","PPP","TOT","NATUSD","A","2001",6.329336,
"MEX","PPP","TOT","NATUSD","A","2002",6.553697,
"MEX","PPP","TOT","NATUSD","A","2003",6.64469,
"MEX","PPP","TOT","NATUSD","A","2004",6.986186,
"MEX","PPP","TOT","NATUSD","A","2005",7.126862,
"MEX","PPP","TOT","NATUSD","A","2006",7.155423,
"MEX","PPP","TOT","NATUSD","A","2007",7.370463,
"MEX","PPP","TOT","NATUSD","A","2008",7.469532,
"MEX","PPP","TOT","NATUSD","A","2009",7.434067,
"MEX","PPP","TOT","NATUSD","A","2010",7.679662,
"MEX","PPP","TOT","NATUSD","A","2011",7.673013,
"MEX","PPP","TOT","NATUSD","A","2012",7.858708,
"MEX","PPP","TOT","NATUSD","A","2013",7.884359,
"MEX","PPP","TOT","NATUSD","A","2014",8.045318,
"MEX","PPP","TOT","NATUSD","A","2015",8.327595,
"MEX","PPP","TOT","NATUSD","A","2016",8.446043,
"MEX","PPP","TOT","NATUSD","A","2017",8.913552,
"MEX","PPP","TOT","NATUSD","A","2018",9.174218,
"MEX","PPP","TOT","NATUSD","A","2019",9.284925,
"MEX","PPP","TOT","NATUSD","A","2020",9.379863,
"NLD","PPP","TOT","NATUSD","A","2000",0.89055,
"NLD","PPP","TOT","NATUSD","A","2001",0.905085,
"NLD","PPP","TOT","NATUSD","A","2002",0.900863,
"NLD","PPP","TOT","NATUSD","A","2003",0.925503,
"NLD","PPP","TOT","NATUSD","A","2004",0.907793,
"NLD","PPP","TOT","NATUSD","A","2005",0.897139,
"NLD","PPP","TOT","NATUSD","A","2006",0.871916,
"NLD","PPP","TOT","NATUSD","A","2007",0.8602,
"NLD","PPP","TOT","NATUSD","A","2008",0.847775,
"NLD","PPP","TOT","NATUSD","A","2009",0.848344,
"NLD","PPP","TOT","NATUSD","A","2010",0.854046,
"NLD","PPP","TOT","NATUSD","A","2011",0.836065,
"NLD","PPP","TOT","NATUSD","A","2012",0.824408,
"NLD","PPP","TOT","NATUSD","A","2013",0.798166,
"NLD","PPP","TOT","NATUSD","A","2014",0.808798,
"NLD","PPP","TOT","NATUSD","A","2015",0.809978,
"NLD","PPP","TOT","NATUSD","A","2016",0.795448,
"NLD","PPP","TOT","NATUSD","A","2017",0.78215,
"NLD","PPP","TOT","NATUSD","A","2018",0.777617,
"NLD","PPP","TOT","NATUSD","A","2019",0.793596,
"NLD","PPP","TOT","NATUSD","A","2020",0.772452,
"NZL","PPP","TOT","NATUSD","A","2000",1.443958,
"NZL","PPP","TOT","NATUSD","A","2001",1.473589,
"NZL","PPP","TOT","NATUSD","A","2002",1.468962,
"NZL","PPP","TOT","NATUSD","A","2003",1.496707,
"NZL","PPP","TOT","NATUSD","A","2004",1.507009,
"NZL","PPP","TOT","NATUSD","A","2005",1.535,
"NZL","PPP","TOT","NATUSD","A","2006",1.480932,
"NZL","PPP","TOT","NATUSD","A","2007",1.504794,
"NZL","PPP","TOT","NATUSD","A","2008",1.490709,
"NZL","PPP","TOT","NATUSD","A","2009",1.471921,
"NZL","PPP","TOT","NATUSD","A","2010",1.496928,
"NZL","PPP","TOT","NATUSD","A","2011",1.485915,
"NZL","PPP","TOT","NATUSD","A","2012",1.495622,
"NZL","PPP","TOT","NATUSD","A","2013",1.445979,
"NZL","PPP","TOT","NATUSD","A","2014",1.44073,
"NZL","PPP","TOT","NATUSD","A","2015",1.478014,
"NZL","PPP","TOT","NATUSD","A","2016",1.441008,
"NZL","PPP","TOT","NATUSD","A","2017",1.430959,
"NZL","PPP","TOT","NATUSD","A","2018",1.467744,
"NZL","PPP","TOT","NATUSD","A","2019",1.429634,
"NZL","PPP","TOT","NATUSD","A","2020",1.444959,
"NOR","PPP","TOT","NATUSD","A","2000",9.086557,
"NOR","PPP","TOT","NATUSD","A","2001",9.177039,
"NOR","PPP","TOT","NATUSD","A","2002",9.05673,
"NOR","PPP","TOT","NATUSD","A","2003",9.197485,
"NOR","PPP","TOT","NATUSD","A","2004",9.125651,
"NOR","PPP","TOT","NATUSD","A","2005",9.005204,
"NOR","PPP","TOT","NATUSD","A","2006",8.780118,
"NOR","PPP","TOT","NATUSD","A","2007",8.922942,
"NOR","PPP","TOT","NATUSD","A","2008",8.859281,
"NOR","PPP","TOT","NATUSD","A","2009",9.083913,
"NOR","PPP","TOT","NATUSD","A","2010",9.151227,
"NOR","PPP","TOT","NATUSD","A","2011",9.082736,
"NOR","PPP","TOT","NATUSD","A","2012",9.037085,
"NOR","PPP","TOT","NATUSD","A","2013",9.029349,
"NOR","PPP","TOT","NATUSD","A","2014",9.278458,
"NOR","PPP","TOT","NATUSD","A","2015",9.932516,
"NOR","PPP","TOT","NATUSD","A","2016",10.0419,
"NOR","PPP","TOT","NATUSD","A","2017",9.74983,
"NOR","PPP","TOT","NATUSD","A","2018",9.594741,
"NOR","PPP","TOT","NATUSD","A","2019",9.964496,
"NOR","PPP","TOT","NATUSD","A","2020",10.099644,
"POL","PPP","TOT","NATUSD","A","2000",1.833166,
"POL","PPP","TOT","NATUSD","A","2001",1.837606,
"POL","PPP","TOT","NATUSD","A","2002",1.799795,
"POL","PPP","TOT","NATUSD","A","2003",1.804465,
"POL","PPP","TOT","NATUSD","A","2004",1.830045,
"POL","PPP","TOT","NATUSD","A","2005",1.867595,
"POL","PPP","TOT","NATUSD","A","2006",1.850453,
"POL","PPP","TOT","NATUSD","A","2007",1.853936,
"POL","PPP","TOT","NATUSD","A","2008",1.842243,
"POL","PPP","TOT","NATUSD","A","2009",1.869157,
"POL","PPP","TOT","NATUSD","A","2010",1.804815,
"POL","PPP","TOT","NATUSD","A","2011",1.801424,
"POL","PPP","TOT","NATUSD","A","2012",1.796168,
"POL","PPP","TOT","NATUSD","A","2013",1.762045,
"POL","PPP","TOT","NATUSD","A","2014",1.767142,
"POL","PPP","TOT","NATUSD","A","2015",1.765116,
"POL","PPP","TOT","NATUSD","A","2016",1.732843,
"POL","PPP","TOT","NATUSD","A","2017",1.742879,
"POL","PPP","TOT","NATUSD","A","2018",1.750385,
"POL","PPP","TOT","NATUSD","A","2019",1.785252,
"POL","PPP","TOT","NATUSD","A","2020",1.786901,
"PRT","PPP","TOT","NATUSD","A","2000",0.661116,
"PRT","PPP","TOT","NATUSD","A","2001",0.671054,
"PRT","PPP","TOT","NATUSD","A","2002",0.672081,
"PRT","PPP","TOT","NATUSD","A","2003",0.669797,
"PRT","PPP","TOT","NATUSD","A","2004",0.676147,
"PRT","PPP","TOT","NATUSD","A","2005",0.664259,
"PRT","PPP","TOT","NATUSD","A","2006",0.640156,
"PRT","PPP","TOT","NATUSD","A","2007",0.646816,
"PRT","PPP","TOT","NATUSD","A","2008",0.636148,
"PRT","PPP","TOT","NATUSD","A","2009",0.627329,
"PRT","PPP","TOT","NATUSD","A","2010",0.623122,
"PRT","PPP","TOT","NATUSD","A","2011",0.623083,
"PRT","PPP","TOT","NATUSD","A","2012",0.605398,
"PRT","PPP","TOT","NATUSD","A","2013",0.583607,
"PRT","PPP","TOT","NATUSD","A","2014",0.578868,
"PRT","PPP","TOT","NATUSD","A","2015",0.584947,
"PRT","PPP","TOT","NATUSD","A","2016",0.571416,
"PRT","PPP","TOT","NATUSD","A","2017",0.575688,
"PRT","PPP","TOT","NATUSD","A","2018",0.571867,
"PRT","PPP","TOT","NATUSD","A","2019",0.575541,
"PRT","PPP","TOT","NATUSD","A","2020",0.56741,
"SVK","PPP","TOT","NATUSD","A","2000",0.516451,
"SVK","PPP","TOT","NATUSD","A","2001",0.515824,
"SVK","PPP","TOT","NATUSD","A","2002",0.521518,
"SVK","PPP","TOT","NATUSD","A","2003",0.544347,
"SVK","PPP","TOT","NATUSD","A","2004",0.564488,
"SVK","PPP","TOT","NATUSD","A","2005",0.564715,
"SVK","PPP","TOT","NATUSD","A","2006",0.554596,
"SVK","PPP","TOT","NATUSD","A","2007",0.553762,
"SVK","PPP","TOT","NATUSD","A","2008",0.53743,
"SVK","PPP","TOT","NATUSD","A","2009",0.515563,
"SVK","PPP","TOT","NATUSD","A","2010",0.502086,
"SVK","PPP","TOT","NATUSD","A","2011",0.506407,
"SVK","PPP","TOT","NATUSD","A","2012",0.504542,
"SVK","PPP","TOT","NATUSD","A","2013",0.491124,
"SVK","PPP","TOT","NATUSD","A","2014",0.485412,
"SVK","PPP","TOT","NATUSD","A","2015",0.491548,
"SVK","PPP","TOT","NATUSD","A","2016",0.503194,
"SVK","PPP","TOT","NATUSD","A","2017",0.516433,
"SVK","PPP","TOT","NATUSD","A","2018",0.52659,
"SVK","PPP","TOT","NATUSD","A","2019",0.538842,
"SVK","PPP","TOT","NATUSD","A","2020",0.536861,
"ESP","PPP","TOT","NATUSD","A","2000",0.739871,
"ESP","PPP","TOT","NATUSD","A","2001",0.747739,
"ESP","PPP","TOT","NATUSD","A","2002",0.742312,
"ESP","PPP","TOT","NATUSD","A","2003",0.759264,
"ESP","PPP","TOT","NATUSD","A","2004",0.765895,
"ESP","PPP","TOT","NATUSD","A","2005",0.769508,
"ESP","PPP","TOT","NATUSD","A","2006",0.735997,
"ESP","PPP","TOT","NATUSD","A","2007",0.73241,
"ESP","PPP","TOT","NATUSD","A","2008",0.725862,
"ESP","PPP","TOT","NATUSD","A","2009",0.718681,
"ESP","PPP","TOT","NATUSD","A","2010",0.726924,
"ESP","PPP","TOT","NATUSD","A","2011",0.714129,
"ESP","PPP","TOT","NATUSD","A","2012",0.694976,
"ESP","PPP","TOT","NATUSD","A","2013",0.6748,
"ESP","PPP","TOT","NATUSD","A","2014",0.662359,
"ESP","PPP","TOT","NATUSD","A","2015",0.66474,
"ESP","PPP","TOT","NATUSD","A","2016",0.642644,
"ESP","PPP","TOT","NATUSD","A","2017",0.630839,
"ESP","PPP","TOT","NATUSD","A","2018",0.632506,
"ESP","PPP","TOT","NATUSD","A","2019",0.632497,
"ESP","PPP","TOT","NATUSD","A","2020",0.626132,
"SWE","PPP","TOT","NATUSD","A","2000",9.164252,
"SWE","PPP","TOT","NATUSD","A","2001",9.404224,
"SWE","PPP","TOT","NATUSD","A","2002",9.413655,
"SWE","PPP","TOT","NATUSD","A","2003",9.485983,
"SWE","PPP","TOT","NATUSD","A","2004",9.294303,
"SWE","PPP","TOT","NATUSD","A","2005",9.479182,
"SWE","PPP","TOT","NATUSD","A","2006",9.111461,
"SWE","PPP","TOT","NATUSD","A","2007",8.872908,
"SWE","PPP","TOT","NATUSD","A","2008",8.778986,
"SWE","PPP","TOT","NATUSD","A","2009",8.920741,
"SWE","PPP","TOT","NATUSD","A","2010",9.024622,
"SWE","PPP","TOT","NATUSD","A","2011",8.844042,
"SWE","PPP","TOT","NATUSD","A","2012",8.654768,
"SWE","PPP","TOT","NATUSD","A","2013",8.597681,
"SWE","PPP","TOT","NATUSD","A","2014",8.727131,
"SWE","PPP","TOT","NATUSD","A","2015",8.854383,
"SWE","PPP","TOT","NATUSD","A","2016",8.822586,
"SWE","PPP","TOT","NATUSD","A","2017",8.852247,
"SWE","PPP","TOT","NATUSD","A","2018",8.875818,
"SWE","PPP","TOT","NATUSD","A","2019",8.988021,
"SWE","PPP","TOT","NATUSD","A","2020",8.730297,
"CHE","PPP","TOT","NATUSD","A","2000",1.788887,
"CHE","PPP","TOT","NATUSD","A","2001",1.769144,
"CHE","PPP","TOT","NATUSD","A","2002",1.70976,
"CHE","PPP","TOT","NATUSD","A","2003",1.715249,
"CHE","PPP","TOT","NATUSD","A","2004",1.691806,
"CHE","PPP","TOT","NATUSD","A","2005",1.686548,
"CHE","PPP","TOT","NATUSD","A","2006",1.598848,
"CHE","PPP","TOT","NATUSD","A","2007",1.532132,
"CHE","PPP","TOT","NATUSD","A","2008",1.493049,
"CHE","PPP","TOT","NATUSD","A","2009",1.470062,
"CHE","PPP","TOT","NATUSD","A","2010",1.466062,
"CHE","PPP","TOT","NATUSD","A","2011",1.397498,
"CHE","PPP","TOT","NATUSD","A","2012",1.354072,
"CHE","PPP","TOT","NATUSD","A","2013",1.312477,
"CHE","PPP","TOT","NATUSD","A","2014",1.281761,
"CHE","PPP","TOT","NATUSD","A","2015",1.235788,
"CHE","PPP","TOT","NATUSD","A","2016",1.201964,
"CHE","PPP","TOT","NATUSD","A","2017",1.187726,
"CHE","PPP","TOT","NATUSD","A","2018",1.180187,
"CHE","PPP","TOT","NATUSD","A","2019",1.176007,
"CHE","PPP","TOT","NATUSD","A","2020",1.137484,
"TUR","PPP","TOT","NATUSD","A","2000",0.28163,
"TUR","PPP","TOT","NATUSD","A","2001",0.415071,
"TUR","PPP","TOT","NATUSD","A","2002",0.591251,
"TUR","PPP","TOT","NATUSD","A","2003",0.736546,
"TUR","PPP","TOT","NATUSD","A","2004",0.792173,
"TUR","PPP","TOT","NATUSD","A","2005",0.834589,
"TUR","PPP","TOT","NATUSD","A","2006",0.841805,
"TUR","PPP","TOT","NATUSD","A","2007",0.851309,
"TUR","PPP","TOT","NATUSD","A","2008",0.87996,
"TUR","PPP","TOT","NATUSD","A","2009",0.904628,
"TUR","PPP","TOT","NATUSD","A","2010",0.920309,
"TUR","PPP","TOT","NATUSD","A","2011",0.966176,
"TUR","PPP","TOT","NATUSD","A","2012",1.019856,
"TUR","PPP","TOT","NATUSD","A","2013",1.070294,
"TUR","PPP","TOT","NATUSD","A","2014",1.104504,
"TUR","PPP","TOT","NATUSD","A","2015",1.162452,
"TUR","PPP","TOT","NATUSD","A","2016",1.241052,
"TUR","PPP","TOT","NATUSD","A","2017",1.38398,
"TUR","PPP","TOT","NATUSD","A","2018",1.63444,
"TUR","PPP","TOT","NATUSD","A","2019",1.924193,
"TUR","PPP","TOT","NATUSD","A","2020",2.192737,
"GBR","PPP","TOT","NATUSD","A","2000",0.704612,
"GBR","PPP","TOT","NATUSD","A","2001",0.694682,
"GBR","PPP","TOT","NATUSD","A","2002",0.689877,
"GBR","PPP","TOT","NATUSD","A","2003",0.695878,
"GBR","PPP","TOT","NATUSD","A","2004",0.687839,
"GBR","PPP","TOT","NATUSD","A","2005",0.707619,
"GBR","PPP","TOT","NATUSD","A","2006",0.696487,
"GBR","PPP","TOT","NATUSD","A","2007",0.709239,
"GBR","PPP","TOT","NATUSD","A","2008",0.701691,
"GBR","PPP","TOT","NATUSD","A","2009",0.710074,
"GBR","PPP","TOT","NATUSD","A","2010",0.702243,
"GBR","PPP","TOT","NATUSD","A","2011",0.706052,
"GBR","PPP","TOT","NATUSD","A","2012",0.701634,
"GBR","PPP","TOT","NATUSD","A","2013",0.695248,
"GBR","PPP","TOT","NATUSD","A","2014",0.698444,
"GBR","PPP","TOT","NATUSD","A","2015",0.692551,
"GBR","PPP","TOT","NATUSD","A","2016",0.688603,
"GBR","PPP","TOT","NATUSD","A","2017",0.684601,
"GBR","PPP","TOT","NATUSD","A","2018",0.688485,
"GBR","PPP","TOT","NATUSD","A","2019",0.687321,
"GBR","PPP","TOT","NATUSD","A","2020",0.687603,
"USA","PPP","TOT","NATUSD","A","2000",1,
"USA","PPP","TOT","NATUSD","A","2001",1,
"USA","PPP","TOT","NATUSD","A","2002",1,
"USA","PPP","TOT","NATUSD","A","2003",1,
"USA","PPP","TOT","NATUSD","A","2004",1,
"USA","PPP","TOT","NATUSD","A","2005",1,
"USA","PPP","TOT","NATUSD","A","2006",1,
"USA","PPP","TOT","NATUSD","A","2007",1,
"USA","PPP","TOT","NATUSD","A","2008",1,
"USA","PPP","TOT","NATUSD","A","2009",1,
"USA","PPP","TOT","NATUSD","A","2010",1,
"USA","PPP","TOT","NATUSD","A","2011",1,
"USA","PPP","TOT","NATUSD","A","2012",1,
"USA","PPP","TOT","NATUSD","A","2013",1,
"USA","PPP","TOT","NATUSD","A","2014",1,
"USA","PPP","TOT","NATUSD","A","2015",1,
"USA","PPP","TOT","NATUSD","A","2016",1,
"USA","PPP","TOT","NATUSD","A","2017",1,
"USA","PPP","TOT","NATUSD","A","2018",1,
"USA","PPP","TOT","NATUSD","A","2019",1,
"USA","PPP","TOT","NATUSD","A","2020",1,
"BRA","PPP","TOT","NATUSD","A","2000",0.757128,
"BRA","PPP","TOT","NATUSD","A","2001",0.801815,
"BRA","PPP","TOT","NATUSD","A","2002",0.866669,
"BRA","PPP","TOT","NATUSD","A","2003",0.970764,
"BRA","PPP","TOT","NATUSD","A","2004",1.018595,
"BRA","PPP","TOT","NATUSD","A","2005",1.061232,
"BRA","PPP","TOT","NATUSD","A","2006",1.09984,
"BRA","PPP","TOT","NATUSD","A","2007",1.140034,
"BRA","PPP","TOT","NATUSD","A","2008",1.216451,
"BRA","PPP","TOT","NATUSD","A","2009",1.29554,
"BRA","PPP","TOT","NATUSD","A","2010",1.388488,
"BRA","PPP","TOT","NATUSD","A","2011",1.473216,
"BRA","PPP","TOT","NATUSD","A","2012",1.605704,
"BRA","PPP","TOT","NATUSD","A","2013",1.701276,
"BRA","PPP","TOT","NATUSD","A","2014",1.813201,
"BRA","PPP","TOT","NATUSD","A","2015",1.988814,
"BRA","PPP","TOT","NATUSD","A","2016",2.133082,
"BRA","PPP","TOT","NATUSD","A","2017",2.181557,
"BRA","PPP","TOT","NATUSD","A","2018",2.226137,
"BRA","PPP","TOT","NATUSD","A","2019",2.280713,
"BRA","PPP","TOT","NATUSD","A","2020",2.361703,
"CHL","PPP","TOT","NATUSD","A","2000",287.045251,
"CHL","PPP","TOT","NATUSD","A","2001",291.559246,
"CHL","PPP","TOT","NATUSD","A","2002",296.823184,
"CHL","PPP","TOT","NATUSD","A","2003",304.406164,
"CHL","PPP","TOT","NATUSD","A","2004",319.718102,
"CHL","PPP","TOT","NATUSD","A","2005",333.69,
"CHL","PPP","TOT","NATUSD","A","2006",318.574722,
"CHL","PPP","TOT","NATUSD","A","2007",323.878962,
"CHL","PPP","TOT","NATUSD","A","2008",340.400833,
"CHL","PPP","TOT","NATUSD","A","2009",354.325885,
"CHL","PPP","TOT","NATUSD","A","2010",359.83702,
"CHL","PPP","TOT","NATUSD","A","2011",348.016847,
"CHL","PPP","TOT","NATUSD","A","2012",347.228507,
"CHL","PPP","TOT","NATUSD","A","2013",349.680536,
"CHL","PPP","TOT","NATUSD","A","2014",367.213907,
"CHL","PPP","TOT","NATUSD","A","2015",391.178861,
"CHL","PPP","TOT","NATUSD","A","2016",397.250703,
"CHL","PPP","TOT","NATUSD","A","2017",397.689401,
"CHL","PPP","TOT","NATUSD","A","2018",393.691732,
"CHL","PPP","TOT","NATUSD","A","2019",406.481712,
"CHL","PPP","TOT","NATUSD","A","2020",423.464041,
"CHN","PPP","TOT","NATUSD","A","2000",2.719364,
"CHN","PPP","TOT","NATUSD","A","2001",2.715469,
"CHN","PPP","TOT","NATUSD","A","2002",2.689281,
"CHN","PPP","TOT","NATUSD","A","2003",2.70898,
"CHN","PPP","TOT","NATUSD","A","2004",2.821351,
"CHN","PPP","TOT","NATUSD","A","2005",2.842933,
"CHN","PPP","TOT","NATUSD","A","2006",2.867778,
"CHN","PPP","TOT","NATUSD","A","2007",3.009186,
"CHN","PPP","TOT","NATUSD","A","2008",3.181871,
"CHN","PPP","TOT","NATUSD","A","2009",3.151181,
"CHN","PPP","TOT","NATUSD","A","2010",3.329232,
"CHN","PPP","TOT","NATUSD","A","2011",3.524468,
"CHN","PPP","TOT","NATUSD","A","2012",3.560968,
"CHN","PPP","TOT","NATUSD","A","2013",3.663645,
"CHN","PPP","TOT","NATUSD","A","2014",3.75885,
"CHN","PPP","TOT","NATUSD","A","2015",3.870697,
"CHN","PPP","TOT","NATUSD","A","2016",3.988837,
"CHN","PPP","TOT","NATUSD","A","2017",4.183811,
"CHN","PPP","TOT","NATUSD","A","2018",4.228704,
"CHN","PPP","TOT","NATUSD","A","2019",4.208027,
"CHN","PPP","TOT","NATUSD","A","2020",4.185602,
"COL","PPP","TOT","NATUSD","A","2000",742.410525,
"COL","PPP","TOT","NATUSD","A","2001",779.346527,
"COL","PPP","TOT","NATUSD","A","2002",819.000018,
"COL","PPP","TOT","NATUSD","A","2003",879.164212,
"COL","PPP","TOT","NATUSD","A","2004",923.162335,
"COL","PPP","TOT","NATUSD","A","2005",961.4875,
"COL","PPP","TOT","NATUSD","A","2006",987.445252,
"COL","PPP","TOT","NATUSD","A","2007",1011.636827,
"COL","PPP","TOT","NATUSD","A","2008",1068.519965,
"COL","PPP","TOT","NATUSD","A","2009",1103.534382,
"COL","PPP","TOT","NATUSD","A","2010",1132.327837,
"COL","PPP","TOT","NATUSD","A","2011",1179.998238,
"COL","PPP","TOT","NATUSD","A","2012",1215.696024,
"COL","PPP","TOT","NATUSD","A","2013",1218.821028,
"COL","PPP","TOT","NATUSD","A","2014",1232.8894,
"COL","PPP","TOT","NATUSD","A","2015",1289.323671,
"COL","PPP","TOT","NATUSD","A","2016",1298.142605,
"COL","PPP","TOT","NATUSD","A","2017",1328.016627,
"COL","PPP","TOT","NATUSD","A","2018",1285.024217,
"COL","PPP","TOT","NATUSD","A","2019",1311.950979,
"COL","PPP","TOT","NATUSD","A","2020",1258.209373,
"EST","PPP","TOT","NATUSD","A","2000",0.46892,
"EST","PPP","TOT","NATUSD","A","2001",0.488013,
"EST","PPP","TOT","NATUSD","A","2002",0.486245,
"EST","PPP","TOT","NATUSD","A","2003",0.485772,
"EST","PPP","TOT","NATUSD","A","2004",0.493649,
"EST","PPP","TOT","NATUSD","A","2005",0.503328,
"EST","PPP","TOT","NATUSD","A","2006",0.520791,
"EST","PPP","TOT","NATUSD","A","2007",0.551182,
"EST","PPP","TOT","NATUSD","A","2008",0.545055,
"EST","PPP","TOT","NATUSD","A","2009",0.51712,
"EST","PPP","TOT","NATUSD","A","2010",0.512097,
"EST","PPP","TOT","NATUSD","A","2011",0.5116,
"EST","PPP","TOT","NATUSD","A","2012",0.521063,
"EST","PPP","TOT","NATUSD","A","2013",0.522424,
"EST","PPP","TOT","NATUSD","A","2014",0.52689,
"EST","PPP","TOT","NATUSD","A","2015",0.53758,
"EST","PPP","TOT","NATUSD","A","2016",0.527849,
"EST","PPP","TOT","NATUSD","A","2017",0.534908,
"EST","PPP","TOT","NATUSD","A","2018",0.539361,
"EST","PPP","TOT","NATUSD","A","2019",0.551589,
"EST","PPP","TOT","NATUSD","A","2020",0.535092,
"IND","PPP","TOT","NATUSD","A","2000",9.664333,
"IND","PPP","TOT","NATUSD","A","2001",9.761001,
"IND","PPP","TOT","NATUSD","A","2002",9.966049,
"IND","PPP","TOT","NATUSD","A","2003",10.162783,
"IND","PPP","TOT","NATUSD","A","2004",10.46296,
"IND","PPP","TOT","NATUSD","A","2005",10.717338,
"IND","PPP","TOT","NATUSD","A","2006",11.276447,
"IND","PPP","TOT","NATUSD","A","2007",11.744052,
"IND","PPP","TOT","NATUSD","A","2008",12.579117,
"IND","PPP","TOT","NATUSD","A","2009",13.362861,
"IND","PPP","TOT","NATUSD","A","2010",14.599321,
"IND","PPP","TOT","NATUSD","A","2011",15.549549,
"IND","PPP","TOT","NATUSD","A","2012",16.160835,
"IND","PPP","TOT","NATUSD","A","2013",17.342325,
"IND","PPP","TOT","NATUSD","A","2014",18.386549,
"IND","PPP","TOT","NATUSD","A","2015",19.235003,
"IND","PPP","TOT","NATUSD","A","2016",19.898727,
"IND","PPP","TOT","NATUSD","A","2017",20.647793,
"IND","PPP","TOT","NATUSD","A","2018",20.917234,
"IND","PPP","TOT","NATUSD","A","2019",21.283205,
"IND","PPP","TOT","NATUSD","A","2020",21.989558,
"IDN","PPP","TOT","NATUSD","A","2000",1385.047058,
"IDN","PPP","TOT","NATUSD","A","2001",1549.071713,
"IDN","PPP","TOT","NATUSD","A","2002",1614.862484,
"IDN","PPP","TOT","NATUSD","A","2003",1672.418515,
"IDN","PPP","TOT","NATUSD","A","2004",1767.828756,
"IDN","PPP","TOT","NATUSD","A","2005",1960.133191,
"IDN","PPP","TOT","NATUSD","A","2006",2170.579301,
"IDN","PPP","TOT","NATUSD","A","2007",2351.780298,
"IDN","PPP","TOT","NATUSD","A","2008",2725.605947,
"IDN","PPP","TOT","NATUSD","A","2009",2928.815268,
"IDN","PPP","TOT","NATUSD","A","2010",3336.993892,
"IDN","PPP","TOT","NATUSD","A","2011",3512.753906,
"IDN","PPP","TOT","NATUSD","A","2012",3569.892578,
"IDN","PPP","TOT","NATUSD","A","2013",3765.671875,
"IDN","PPP","TOT","NATUSD","A","2014",4030.774658,
"IDN","PPP","TOT","NATUSD","A","2015",4353.327148,
"IDN","PPP","TOT","NATUSD","A","2016",4518.104004,
"IDN","PPP","TOT","NATUSD","A","2017",4695.658691,
"IDN","PPP","TOT","NATUSD","A","2018",4760.651784,
"IDN","PPP","TOT","NATUSD","A","2019",4751.935742,
"IDN","PPP","TOT","NATUSD","A","2020",4673.649339,
"ISR","PPP","TOT","NATUSD","A","2000",3.441675,
"ISR","PPP","TOT","NATUSD","A","2001",3.425348,
"ISR","PPP","TOT","NATUSD","A","2002",3.462676,
"ISR","PPP","TOT","NATUSD","A","2003",3.627071,
"ISR","PPP","TOT","NATUSD","A","2004",3.535789,
"ISR","PPP","TOT","NATUSD","A","2005",3.716937,
"ISR","PPP","TOT","NATUSD","A","2006",3.788703,
"ISR","PPP","TOT","NATUSD","A","2007",3.725767,
"ISR","PPP","TOT","NATUSD","A","2008",3.867205,
"ISR","PPP","TOT","NATUSD","A","2009",3.977921,
"ISR","PPP","TOT","NATUSD","A","2010",3.990484,
"ISR","PPP","TOT","NATUSD","A","2011",3.944763,
"ISR","PPP","TOT","NATUSD","A","2012",3.955358,
"ISR","PPP","TOT","NATUSD","A","2013",3.839566,
"ISR","PPP","TOT","NATUSD","A","2014",3.940387,
"ISR","PPP","TOT","NATUSD","A","2015",3.923925,
"ISR","PPP","TOT","NATUSD","A","2016",3.788511,
"ISR","PPP","TOT","NATUSD","A","2017",3.751633,
"ISR","PPP","TOT","NATUSD","A","2018",3.750687,
"ISR","PPP","TOT","NATUSD","A","2019",3.854333,
"ISR","PPP","TOT","NATUSD","A","2020",3.787956,
"RUS","PPP","TOT","NATUSD","A","2000",7.301404,
"RUS","PPP","TOT","NATUSD","A","2001",8.322817,
"RUS","PPP","TOT","NATUSD","A","2002",9.273504,
"RUS","PPP","TOT","NATUSD","A","2003",9.866787,
"RUS","PPP","TOT","NATUSD","A","2004",11.556843,
"RUS","PPP","TOT","NATUSD","A","2005",12.736131,
"RUS","PPP","TOT","NATUSD","A","2006",12.618288,
"RUS","PPP","TOT","NATUSD","A","2007",13.984503,
"RUS","PPP","TOT","NATUSD","A","2008",14.341196,
"RUS","PPP","TOT","NATUSD","A","2009",14.016913,
"RUS","PPP","TOT","NATUSD","A","2010",15.821142,
"RUS","PPP","TOT","NATUSD","A","2011",18.443729,
"RUS","PPP","TOT","NATUSD","A","2012",19.56826,
"RUS","PPP","TOT","NATUSD","A","2013",19.505592,
"RUS","PPP","TOT","NATUSD","A","2014",20.998875,
"RUS","PPP","TOT","NATUSD","A","2015",23.562632,
"RUS","PPP","TOT","NATUSD","A","2016",24.192337,
"RUS","PPP","TOT","NATUSD","A","2017",24.124181,
"RUS","PPP","TOT","NATUSD","A","2018",24.361864,
"RUS","PPP","TOT","NATUSD","A","2019",24.723269,
"RUS","PPP","TOT","NATUSD","A","2020",24.501675,
"SVN","PPP","TOT","NATUSD","A","2000",0.526578,
"SVN","PPP","TOT","NATUSD","A","2001",0.560264,
"SVN","PPP","TOT","NATUSD","A","2002",0.583286,
"SVN","PPP","TOT","NATUSD","A","2003",0.607891,
"SVN","PPP","TOT","NATUSD","A","2004",0.607829,
"SVN","PPP","TOT","NATUSD","A","2005",0.610135,
"SVN","PPP","TOT","NATUSD","A","2006",0.609683,
"SVN","PPP","TOT","NATUSD","A","2007",0.630365,
"SVN","PPP","TOT","NATUSD","A","2008",0.633789,
"SVN","PPP","TOT","NATUSD","A","2009",0.645474,
"SVN","PPP","TOT","NATUSD","A","2010",0.6379,
"SVN","PPP","TOT","NATUSD","A","2011",0.62397,
"SVN","PPP","TOT","NATUSD","A","2012",0.606793,
"SVN","PPP","TOT","NATUSD","A","2013",0.590407,
"SVN","PPP","TOT","NATUSD","A","2014",0.591238,
"SVN","PPP","TOT","NATUSD","A","2015",0.595298,
"SVN","PPP","TOT","NATUSD","A","2016",0.577106,
"SVN","PPP","TOT","NATUSD","A","2017",0.570149,
"SVN","PPP","TOT","NATUSD","A","2018",0.568248,
"SVN","PPP","TOT","NATUSD","A","2019",0.569189,
"SVN","PPP","TOT","NATUSD","A","2020",0.560635,
"ZAF","PPP","TOT","NATUSD","A","2000",2.727774,
"ZAF","PPP","TOT","NATUSD","A","2001",2.873205,
"ZAF","PPP","TOT","NATUSD","A","2002",3.173687,
"ZAF","PPP","TOT","NATUSD","A","2003",3.296341,
"ZAF","PPP","TOT","NATUSD","A","2004",3.419435,
"ZAF","PPP","TOT","NATUSD","A","2005",3.49684,
"ZAF","PPP","TOT","NATUSD","A","2006",3.606437,
"ZAF","PPP","TOT","NATUSD","A","2007",3.822892,
"ZAF","PPP","TOT","NATUSD","A","2008",4.081128,
"ZAF","PPP","TOT","NATUSD","A","2009",4.354202,
"ZAF","PPP","TOT","NATUSD","A","2010",4.577401,
"ZAF","PPP","TOT","NATUSD","A","2011",4.776628,
"ZAF","PPP","TOT","NATUSD","A","2012",5.107817,
"ZAF","PPP","TOT","NATUSD","A","2013",5.295738,
"ZAF","PPP","TOT","NATUSD","A","2014",5.571891,
"ZAF","PPP","TOT","NATUSD","A","2015",5.825256,
"ZAF","PPP","TOT","NATUSD","A","2016",6.159093,
"ZAF","PPP","TOT","NATUSD","A","2017",6.426701,
"ZAF","PPP","TOT","NATUSD","A","2018",6.521818,
"ZAF","PPP","TOT","NATUSD","A","2019",6.665092,
"ZAF","PPP","TOT","NATUSD","A","2020",6.933438,
"LVA","PPP","TOT","NATUSD","A","2000",0.360855,
"LVA","PPP","TOT","NATUSD","A","2001",0.353427,
"LVA","PPP","TOT","NATUSD","A","2002",0.360954,
"LVA","PPP","TOT","NATUSD","A","2003",0.378228,
"LVA","PPP","TOT","NATUSD","A","2004",0.399336,
"LVA","PPP","TOT","NATUSD","A","2005",0.438594,
"LVA","PPP","TOT","NATUSD","A","2006",0.488891,
"LVA","PPP","TOT","NATUSD","A","2007",0.565807,
"LVA","PPP","TOT","NATUSD","A","2008",0.575542,
"LVA","PPP","TOT","NATUSD","A","2009",0.52113,
"LVA","PPP","TOT","NATUSD","A","2010",0.487006,
"LVA","PPP","TOT","NATUSD","A","2011",0.498506,
"LVA","PPP","TOT","NATUSD","A","2012",0.506203,
"LVA","PPP","TOT","NATUSD","A","2013",0.499271,
"LVA","PPP","TOT","NATUSD","A","2014",0.497558,
"LVA","PPP","TOT","NATUSD","A","2015",0.497569,
"LVA","PPP","TOT","NATUSD","A","2016",0.484535,
"LVA","PPP","TOT","NATUSD","A","2017",0.484537,
"LVA","PPP","TOT","NATUSD","A","2018",0.49048,
"LVA","PPP","TOT","NATUSD","A","2019",0.50172,
"LVA","PPP","TOT","NATUSD","A","2020",0.492246,
"LTU","PPP","TOT","NATUSD","A","2000",0.451723,
"LTU","PPP","TOT","NATUSD","A","2001",0.432875,
"LTU","PPP","TOT","NATUSD","A","2002",0.42073,
"LTU","PPP","TOT","NATUSD","A","2003",0.403992,
"LTU","PPP","TOT","NATUSD","A","2004",0.414041,
"LTU","PPP","TOT","NATUSD","A","2005",0.435163,
"LTU","PPP","TOT","NATUSD","A","2006",0.446252,
"LTU","PPP","TOT","NATUSD","A","2007",0.470195,
"LTU","PPP","TOT","NATUSD","A","2008",0.492829,
"LTU","PPP","TOT","NATUSD","A","2009",0.469393,
"LTU","PPP","TOT","NATUSD","A","2010",0.450377,
"LTU","PPP","TOT","NATUSD","A","2011",0.451921,
"LTU","PPP","TOT","NATUSD","A","2012",0.452657,
"LTU","PPP","TOT","NATUSD","A","2013",0.443347,
"LTU","PPP","TOT","NATUSD","A","2014",0.44262,
"LTU","PPP","TOT","NATUSD","A","2015",0.445858,
"LTU","PPP","TOT","NATUSD","A","2016",0.43844,
"LTU","PPP","TOT","NATUSD","A","2017",0.44272,
"LTU","PPP","TOT","NATUSD","A","2018",0.447121,
"LTU","PPP","TOT","NATUSD","A","2019",0.45323,
"LTU","PPP","TOT","NATUSD","A","2020",0.454672,
"SAU","PPP","TOT","NATUSD","A","2000",0.862343,
"SAU","PPP","TOT","NATUSD","A","2001",0.829939,
"SAU","PPP","TOT","NATUSD","A","2002",0.865684,
"SAU","PPP","TOT","NATUSD","A","2003",0.869589,
"SAU","PPP","TOT","NATUSD","A","2004",0.940417,
"SAU","PPP","TOT","NATUSD","A","2005",1.095774,
"SAU","PPP","TOT","NATUSD","A","2006",1.18667,
"SAU","PPP","TOT","NATUSD","A","2007",1.253109,
"SAU","PPP","TOT","NATUSD","A","2008",1.446642,
"SAU","PPP","TOT","NATUSD","A","2009",1.210103,
"SAU","PPP","TOT","NATUSD","A","2010",1.401801,
"SAU","PPP","TOT","NATUSD","A","2011",1.586354,
"SAU","PPP","TOT","NATUSD","A","2012",1.650197,
"SAU","PPP","TOT","NATUSD","A","2013",1.666466,
"SAU","PPP","TOT","NATUSD","A","2014",1.646281,
"SAU","PPP","TOT","NATUSD","A","2015",1.591297,
"SAU","PPP","TOT","NATUSD","A","2016",1.63892,
"SAU","PPP","TOT","NATUSD","A","2017",1.649027,
"SAU","PPP","TOT","NATUSD","A","2018",1.795691,
"SAU","PPP","TOT","NATUSD","A","2019",1.772778,
"SAU","PPP","TOT","NATUSD","A","2020",1.612697,
"EA19","PPP","TOT","NATUSD","A","2000",0.863686,
"EA19","PPP","TOT","NATUSD","A","2001",0.860614,
"EA19","PPP","TOT","NATUSD","A","2002",0.852016,
"EA19","PPP","TOT","NATUSD","A","2003",0.857877,
"EA19","PPP","TOT","NATUSD","A","2004",0.856019,
"EA19","PPP","TOT","NATUSD","A","2005",0.852717,
"EA19","PPP","TOT","NATUSD","A","2006",0.826353,
"EA19","PPP","TOT","NATUSD","A","2007",0.820202,
"EA19","PPP","TOT","NATUSD","A","2008",0.806163,
"EA19","PPP","TOT","NATUSD","A","2009",0.795024,
"EA19","PPP","TOT","NATUSD","A","2010",0.792931,
"EA19","PPP","TOT","NATUSD","A","2011",0.78045,
"EA19","PPP","TOT","NATUSD","A","2012",0.77417,
"EA19","PPP","TOT","NATUSD","A","2013",0.755544,
"EA19","PPP","TOT","NATUSD","A","2014",0.752027,
"EA19","PPP","TOT","NATUSD","A","2015",0.755255,
"EA19","PPP","TOT","NATUSD","A","2016",0.729729,
"EA19","PPP","TOT","NATUSD","A","2017",0.721085,
"EA19","PPP","TOT","NATUSD","A","2018",0.714192,
"EA19","PPP","TOT","NATUSD","A","2019",0.715927,
"EA19","PPP","TOT","NATUSD","A","2020",0.704463,
"ARG","PPP","TOT","NATUSD","A","2000",0.663416,
"ARG","PPP","TOT","NATUSD","A","2001",0.642064,
"ARG","PPP","TOT","NATUSD","A","2002",0.825195,
"ARG","PPP","TOT","NATUSD","A","2003",0.895181,
"ARG","PPP","TOT","NATUSD","A","2004",1.031788,
"ARG","PPP","TOT","NATUSD","A","2005",1.103858,
"ARG","PPP","TOT","NATUSD","A","2006",1.218661,
"ARG","PPP","TOT","NATUSD","A","2007",1.364085,
"ARG","PPP","TOT","NATUSD","A","2008",1.648101,
"ARG","PPP","TOT","NATUSD","A","2009",1.887154,
"ARG","PPP","TOT","NATUSD","A","2010",2.255571,
"ARG","PPP","TOT","NATUSD","A","2011",2.733128,
"ARG","PPP","TOT","NATUSD","A","2012",3.218154,
"ARG","PPP","TOT","NATUSD","A","2013",3.940967,
"ARG","PPP","TOT","NATUSD","A","2014",5.451964,
"ARG","PPP","TOT","NATUSD","A","2015",6.866548,
"ARG","PPP","TOT","NATUSD","A","2016",9.294966,
"ARG","PPP","TOT","NATUSD","A","2017",10.256822,
"ARG","PPP","TOT","NATUSD","A","2018",14.024082,
"ARG","PPP","TOT","NATUSD","A","2019",20.752961,
"ARG","PPP","TOT","NATUSD","A","2020",28.673797,
"CRI","PPP","TOT","NATUSD","A","2000",144.214227,
"CRI","PPP","TOT","NATUSD","A","2001",154.890735,
"CRI","PPP","TOT","NATUSD","A","2002",167.514856,
"CRI","PPP","TOT","NATUSD","A","2003",182.094963,
"CRI","PPP","TOT","NATUSD","A","2004",201.163504,
"CRI","PPP","TOT","NATUSD","A","2005",220.649121,
"CRI","PPP","TOT","NATUSD","A","2006",242.090086,
"CRI","PPP","TOT","NATUSD","A","2007",260.594583,
"CRI","PPP","TOT","NATUSD","A","2008",284.808581,
"CRI","PPP","TOT","NATUSD","A","2009",310.431036,
"CRI","PPP","TOT","NATUSD","A","2010",327.018289,
"CRI","PPP","TOT","NATUSD","A","2011",334.89666,
"CRI","PPP","TOT","NATUSD","A","2012",343.876659,
"CRI","PPP","TOT","NATUSD","A","2013",347.806785,
"CRI","PPP","TOT","NATUSD","A","2014",353.243788,
"CRI","PPP","TOT","NATUSD","A","2015",353.963974,
"CRI","PPP","TOT","NATUSD","A","2016",343.013617,
"CRI","PPP","TOT","NATUSD","A","2017",340.991882,
"CRI","PPP","TOT","NATUSD","A","2018",327.929007,
"CRI","PPP","TOT","NATUSD","A","2019",326.148451,
"CRI","PPP","TOT","NATUSD","A","2020",317.797646,
"BGR","PPP","TOT","NATUSD","A","2000",0.53603,
"BGR","PPP","TOT","NATUSD","A","2001",0.55596,
"BGR","PPP","TOT","NATUSD","A","2002",0.55829,
"BGR","PPP","TOT","NATUSD","A","2003",0.559829,
"BGR","PPP","TOT","NATUSD","A","2004",0.580245,
"BGR","PPP","TOT","NATUSD","A","2005",0.596498,
"BGR","PPP","TOT","NATUSD","A","2006",0.618228,
"BGR","PPP","TOT","NATUSD","A","2007",0.656434,
"BGR","PPP","TOT","NATUSD","A","2008",0.677676,
"BGR","PPP","TOT","NATUSD","A","2009",0.693197,
"BGR","PPP","TOT","NATUSD","A","2010",0.676937,
"BGR","PPP","TOT","NATUSD","A","2011",0.701071,
"BGR","PPP","TOT","NATUSD","A","2012",0.692818,
"BGR","PPP","TOT","NATUSD","A","2013",0.680005,
"BGR","PPP","TOT","NATUSD","A","2014",0.661229,
"BGR","PPP","TOT","NATUSD","A","2015",0.678702,
"BGR","PPP","TOT","NATUSD","A","2016",0.666662,
"BGR","PPP","TOT","NATUSD","A","2017",0.676279,
"BGR","PPP","TOT","NATUSD","A","2018",0.680862,
"BGR","PPP","TOT","NATUSD","A","2019",0.70377,
"BGR","PPP","TOT","NATUSD","A","2020",0.702816,
"HRV","PPP","TOT","NATUSD","A","2000",3.786983,
"HRV","PPP","TOT","NATUSD","A","2001",3.873841,
"HRV","PPP","TOT","NATUSD","A","2002",3.879356,
"HRV","PPP","TOT","NATUSD","A","2003",3.984034,
"HRV","PPP","TOT","NATUSD","A","2004",4.008066,
"HRV","PPP","TOT","NATUSD","A","2005",4.093482,
"HRV","PPP","TOT","NATUSD","A","2006",3.914096,
"HRV","PPP","TOT","NATUSD","A","2007",3.865543,
"HRV","PPP","TOT","NATUSD","A","2008",3.87238,
"HRV","PPP","TOT","NATUSD","A","2009",3.842562,
"HRV","PPP","TOT","NATUSD","A","2010",3.873511,
"HRV","PPP","TOT","NATUSD","A","2011",3.752616,
"HRV","PPP","TOT","NATUSD","A","2012",3.664153,
"HRV","PPP","TOT","NATUSD","A","2013",3.575104,
"HRV","PPP","TOT","NATUSD","A","2014",3.543476,
"HRV","PPP","TOT","NATUSD","A","2015",3.512389,
"HRV","PPP","TOT","NATUSD","A","2016",3.382,
"HRV","PPP","TOT","NATUSD","A","2017",3.324652,
"HRV","PPP","TOT","NATUSD","A","2018",3.314748,
"HRV","PPP","TOT","NATUSD","A","2019",3.316357,
"HRV","PPP","TOT","NATUSD","A","2020",3.241294,
"CYP","PPP","TOT","NATUSD","A","2000",0.717098,
"CYP","PPP","TOT","NATUSD","A","2001",0.711837,
"CYP","PPP","TOT","NATUSD","A","2002",0.710508,
"CYP","PPP","TOT","NATUSD","A","2003",0.736531,
"CYP","PPP","TOT","NATUSD","A","2004",0.733637,
"CYP","PPP","TOT","NATUSD","A","2005",0.722889,
"CYP","PPP","TOT","NATUSD","A","2006",0.709836,
"CYP","PPP","TOT","NATUSD","A","2007",0.694235,
"CYP","PPP","TOT","NATUSD","A","2008",0.693813,
"CYP","PPP","TOT","NATUSD","A","2009",0.68208,
"CYP","PPP","TOT","NATUSD","A","2010",0.700139,
"CYP","PPP","TOT","NATUSD","A","2011",0.698619,
"CYP","PPP","TOT","NATUSD","A","2012",0.706854,
"CYP","PPP","TOT","NATUSD","A","2013",0.687313,
"CYP","PPP","TOT","NATUSD","A","2014",0.67971,
"CYP","PPP","TOT","NATUSD","A","2015",0.663142,
"CYP","PPP","TOT","NATUSD","A","2016",0.622325,
"CYP","PPP","TOT","NATUSD","A","2017",0.615183,
"CYP","PPP","TOT","NATUSD","A","2018",0.613125,
"CYP","PPP","TOT","NATUSD","A","2019",0.615555,
"CYP","PPP","TOT","NATUSD","A","2020",0.610874,
"MLT","PPP","TOT","NATUSD","A","2000",0.580054,
"MLT","PPP","TOT","NATUSD","A","2001",0.589103,
"MLT","PPP","TOT","NATUSD","A","2002",0.581837,
"MLT","PPP","TOT","NATUSD","A","2003",0.573901,
"MLT","PPP","TOT","NATUSD","A","2004",0.566255,
"MLT","PPP","TOT","NATUSD","A","2005",0.572728,
"MLT","PPP","TOT","NATUSD","A","2006",0.571617,
"MLT","PPP","TOT","NATUSD","A","2007",0.568111,
"MLT","PPP","TOT","NATUSD","A","2008",0.57155,
"MLT","PPP","TOT","NATUSD","A","2009",0.569454,
"MLT","PPP","TOT","NATUSD","A","2010",0.572477,
"MLT","PPP","TOT","NATUSD","A","2011",0.574147,
"MLT","PPP","TOT","NATUSD","A","2012",0.57973,
"MLT","PPP","TOT","NATUSD","A","2013",0.577475,
"MLT","PPP","TOT","NATUSD","A","2014",0.586359,
"MLT","PPP","TOT","NATUSD","A","2015",0.599702,
"MLT","PPP","TOT","NATUSD","A","2016",0.583015,
"MLT","PPP","TOT","NATUSD","A","2017",0.586423,
"MLT","PPP","TOT","NATUSD","A","2018",0.587375,
"MLT","PPP","TOT","NATUSD","A","2019",0.586999,
"MLT","PPP","TOT","NATUSD","A","2020",0.584874,
"PER","PPP","TOT","NATUSD","A","2000",1.353251,
"PER","PPP","TOT","NATUSD","A","2001",1.330234,
"PER","PPP","TOT","NATUSD","A","2002",1.310948,
"PER","PPP","TOT","NATUSD","A","2003",1.310261,
"PER","PPP","TOT","NATUSD","A","2004",1.356026,
"PER","PPP","TOT","NATUSD","A","2005",1.361139,
"PER","PPP","TOT","NATUSD","A","2006",1.422309,
"PER","PPP","TOT","NATUSD","A","2007",1.405748,
"PER","PPP","TOT","NATUSD","A","2008",1.39414,
"PER","PPP","TOT","NATUSD","A","2009",1.412145,
"PER","PPP","TOT","NATUSD","A","2010",1.475595,
"PER","PPP","TOT","NATUSD","A","2011",1.542905,
"PER","PPP","TOT","NATUSD","A","2012",1.598911,
"PER","PPP","TOT","NATUSD","A","2013",1.615967,
"PER","PPP","TOT","NATUSD","A","2014",1.64592,
"PER","PPP","TOT","NATUSD","A","2015",1.714139,
"PER","PPP","TOT","NATUSD","A","2016",1.743377,
"PER","PPP","TOT","NATUSD","A","2017",1.749455,
"PER","PPP","TOT","NATUSD","A","2018",1.742287,
"ROU","PPP","TOT","NATUSD","A","2000",0.61618,
"ROU","PPP","TOT","NATUSD","A","2001",0.813686,
"ROU","PPP","TOT","NATUSD","A","2002",0.978351,
"ROU","PPP","TOT","NATUSD","A","2003",1.176677,
"ROU","PPP","TOT","NATUSD","A","2004",1.268748,
"ROU","PPP","TOT","NATUSD","A","2005",1.401277,
"ROU","PPP","TOT","NATUSD","A","2006",1.399446,
"ROU","PPP","TOT","NATUSD","A","2007",1.487916,
"ROU","PPP","TOT","NATUSD","A","2008",1.566223,
"ROU","PPP","TOT","NATUSD","A","2009",1.567217,
"ROU","PPP","TOT","NATUSD","A","2010",1.537645,
"ROU","PPP","TOT","NATUSD","A","2011",1.550032,
"ROU","PPP","TOT","NATUSD","A","2012",1.563595,
"ROU","PPP","TOT","NATUSD","A","2013",1.606221,
"ROU","PPP","TOT","NATUSD","A","2014",1.628367,
"ROU","PPP","TOT","NATUSD","A","2015",1.662879,
"ROU","PPP","TOT","NATUSD","A","2016",1.596919,
"ROU","PPP","TOT","NATUSD","A","2017",1.613568,
"ROU","PPP","TOT","NATUSD","A","2018",1.667446,
"ROU","PPP","TOT","NATUSD","A","2019",1.713598,
"ROU","PPP","TOT","NATUSD","A","2020",1.704147,
"MKD","PPP","TOT","NATUSD","A","2000",19.946306,
"MKD","PPP","TOT","NATUSD","A","2001",20.501634,
"MKD","PPP","TOT","NATUSD","A","2002",20.015094,
"MKD","PPP","TOT","NATUSD","A","2003",20.100575,
"MKD","PPP","TOT","NATUSD","A","2004",19.261725,
"MKD","PPP","TOT","NATUSD","A","2005",19.293497,
"MKD","PPP","TOT","NATUSD","A","2006",18.88551,
"MKD","PPP","TOT","NATUSD","A","2007",19.513648,
"MKD","PPP","TOT","NATUSD","A","2008",19.263751,
"MKD","PPP","TOT","NATUSD","A","2009",18.364052,
"MKD","PPP","TOT","NATUSD","A","2010",18.730311,
"MKD","PPP","TOT","NATUSD","A","2011",19.289492,
"MKD","PPP","TOT","NATUSD","A","2012",19.003537,
"MKD","PPP","TOT","NATUSD","A","2013",19.105276,
"MKD","PPP","TOT","NATUSD","A","2014",18.995822,
"MKD","PPP","TOT","NATUSD","A","2015",19.440684,
"MKD","PPP","TOT","NATUSD","A","2016",18.958582,
"MKD","PPP","TOT","NATUSD","A","2017",18.970122,
"MKD","PPP","TOT","NATUSD","A","2018",18.972272,
"MKD","PPP","TOT","NATUSD","A","2019",18.9893,
"MKD","PPP","TOT","NATUSD","A","2020",18.891123,
"ZMB","PPP","TOT","NATUSD","A","2000",0.653737,
"ZMB","PPP","TOT","NATUSD","A","2001",0.801751,
"ZMB","PPP","TOT","NATUSD","A","2002",0.942313,
"ZMB","PPP","TOT","NATUSD","A","2003",1.088027,
"ZMB","PPP","TOT","NATUSD","A","2004",1.268403,
"ZMB","PPP","TOT","NATUSD","A","2005",1.434898,
"ZMB","PPP","TOT","NATUSD","A","2006",1.595288,
"ZMB","PPP","TOT","NATUSD","A","2007",1.755055,
"ZMB","PPP","TOT","NATUSD","A","2008",1.904747,
"ZMB","PPP","TOT","NATUSD","A","2009",1.995433,
"ZMB","PPP","TOT","NATUSD","A","2010",2.247623,
"ZMB","PPP","TOT","NATUSD","A","2011",2.446346,
"ZMB","PPP","TOT","NATUSD","A","2012",2.646239,
"ZMB","PPP","TOT","NATUSD","A","2013",2.828945,
"ZMB","PPP","TOT","NATUSD","A","2014",3.06475,
"ZMB","PPP","TOT","NATUSD","A","2015",3.365914,
"ZMB","PPP","TOT","NATUSD","A","2016",3.877613,
"ZMB","PPP","TOT","NATUSD","A","2017",4.19258,
"ZMB","PPP","TOT","NATUSD","A","2018",4.474701,
"HKG","PPP","TOT","NATUSD","A","2000",7.102746,
"HKG","PPP","TOT","NATUSD","A","2001",6.827004,
"HKG","PPP","TOT","NATUSD","A","2002",6.492071,
"HKG","PPP","TOT","NATUSD","A","2003",5.990789,
"HKG","PPP","TOT","NATUSD","A","2004",5.624248,
"HKG","PPP","TOT","NATUSD","A","2005",5.446159,
"HKG","PPP","TOT","NATUSD","A","2006",5.25792,
"HKG","PPP","TOT","NATUSD","A","2007",5.281026,
"HKG","PPP","TOT","NATUSD","A","2008",5.246647,
"HKG","PPP","TOT","NATUSD","A","2009",5.187401,
"HKG","PPP","TOT","NATUSD","A","2010",5.141533,
"HKG","PPP","TOT","NATUSD","A","2011",5.232639,
"HKG","PPP","TOT","NATUSD","A","2012",5.454186,
"HKG","PPP","TOT","NATUSD","A","2013",5.547488,
"HKG","PPP","TOT","NATUSD","A","2014",5.707185,
"HKG","PPP","TOT","NATUSD","A","2015",5.83122,
"HKG","PPP","TOT","NATUSD","A","2016",5.931908,
"HKG","PPP","TOT","NATUSD","A","2017",6.011433,
"HKG","PPP","TOT","NATUSD","A","2018",6.082646,
"MDG","PPP","TOT","NATUSD","A","2000",256.183095,
"MDG","PPP","TOT","NATUSD","A","2001",268.901967,
"MDG","PPP","TOT","NATUSD","A","2002",305.152296,
"MDG","PPP","TOT","NATUSD","A","2003",307.871065,
"MDG","PPP","TOT","NATUSD","A","2004",342.682618,
"MDG","PPP","TOT","NATUSD","A","2005",393.213503,
"MDG","PPP","TOT","NATUSD","A","2006",425.439251,
"MDG","PPP","TOT","NATUSD","A","2007",527.175242,
"MDG","PPP","TOT","NATUSD","A","2008",555.829546,
"MDG","PPP","TOT","NATUSD","A","2009",589.84716,
"MDG","PPP","TOT","NATUSD","A","2010",642.632653,
"MDG","PPP","TOT","NATUSD","A","2011",694.862671,
"MDG","PPP","TOT","NATUSD","A","2012",741.047607,
"MDG","PPP","TOT","NATUSD","A","2013",776.217163,
"MDG","PPP","TOT","NATUSD","A","2014",823.655884,
"MDG","PPP","TOT","NATUSD","A","2015",886.092041,
"MDG","PPP","TOT","NATUSD","A","2016",940.873291,
"MDG","PPP","TOT","NATUSD","A","2017",1013.434631,
"MDG","PPP","TOT","NATUSD","A","2018",1064.35146,
"MAR","PPP","TOT","NATUSD","A","2000",3.963041,
"MAR","PPP","TOT","NATUSD","A","2001",3.903277,
"MAR","PPP","TOT","NATUSD","A","2002",3.888936,
"MAR","PPP","TOT","NATUSD","A","2003",3.858602,
"MAR","PPP","TOT","NATUSD","A","2004",3.803255,
"MAR","PPP","TOT","NATUSD","A","2005",3.732276,
"MAR","PPP","TOT","NATUSD","A","2006",3.678727,
"MAR","PPP","TOT","NATUSD","A","2007",3.711284,
"MAR","PPP","TOT","NATUSD","A","2008",3.805403,
"MAR","PPP","TOT","NATUSD","A","2009",3.782161,
"MAR","PPP","TOT","NATUSD","A","2010",3.775071,
"MAR","PPP","TOT","NATUSD","A","2011",3.672276,
"MAR","PPP","TOT","NATUSD","A","2012",3.757054,
"MAR","PPP","TOT","NATUSD","A","2013",3.8147,
"MAR","PPP","TOT","NATUSD","A","2014",3.970819,
"MAR","PPP","TOT","NATUSD","A","2015",3.993365,
"MAR","PPP","TOT","NATUSD","A","2016",4.017611,
"MAR","PPP","TOT","NATUSD","A","2017",4.02344,
"MAR","PPP","TOT","NATUSD","A","2018",3.969633,
"SGP","PPP","TOT","NATUSD","A","2000",0.937466,
"SGP","PPP","TOT","NATUSD","A","2001",0.900684,
"SGP","PPP","TOT","NATUSD","A","2002",0.87878,
"SGP","PPP","TOT","NATUSD","A","2003",0.847337,
"SGP","PPP","TOT","NATUSD","A","2004",0.858735,
"SGP","PPP","TOT","NATUSD","A","2005",0.848679,
"SGP","PPP","TOT","NATUSD","A","2006",0.838954,
"SGP","PPP","TOT","NATUSD","A","2007",0.865344,
"SGP","PPP","TOT","NATUSD","A","2008",0.837067,
"SGP","PPP","TOT","NATUSD","A","2009",0.855332,
"SGP","PPP","TOT","NATUSD","A","2010",0.854802,
"SGP","PPP","TOT","NATUSD","A","2011",0.846738,
"SGP","PPP","TOT","NATUSD","A","2012",0.845866,
"SGP","PPP","TOT","NATUSD","A","2013",0.858802,
"SGP","PPP","TOT","NATUSD","A","2014",0.86406,
"SGP","PPP","TOT","NATUSD","A","2015",0.879622,
"SGP","PPP","TOT","NATUSD","A","2016",0.878245,
"SGP","PPP","TOT","NATUSD","A","2017",0.88598,
"SGP","PPP","TOT","NATUSD","A","2018",0.881417,
"EU27_2020","PPP","TOT","NATUSD","A","2000",0.830643,
"EU27_2020","PPP","TOT","NATUSD","A","2001",0.8278,
"EU27_2020","PPP","TOT","NATUSD","A","2002",0.819609,
"EU27_2020","PPP","TOT","NATUSD","A","2003",0.820951,
"EU27_2020","PPP","TOT","NATUSD","A","2004",0.816961,
"EU27_2020","PPP","TOT","NATUSD","A","2005",0.818857,
"EU27_2020","PPP","TOT","NATUSD","A","2006",0.794815,
"EU27_2020","PPP","TOT","NATUSD","A","2007",0.789521,
"EU27_2020","PPP","TOT","NATUSD","A","2008",0.775888,
"EU27_2020","PPP","TOT","NATUSD","A","2009",0.755023,
"EU27_2020","PPP","TOT","NATUSD","A","2010",0.756823,
"EU27_2020","PPP","TOT","NATUSD","A","2011",0.745416,
"EU27_2020","PPP","TOT","NATUSD","A","2012",0.738733,
"EU27_2020","PPP","TOT","NATUSD","A","2013",0.721414,
"EU27_2020","PPP","TOT","NATUSD","A","2014",0.716496,
"EU27_2020","PPP","TOT","NATUSD","A","2015",0.718859,
"EU27_2020","PPP","TOT","NATUSD","A","2016",0.694352,
"EU27_2020","PPP","TOT","NATUSD","A","2017",0.686689,
"EU27_2020","PPP","TOT","NATUSD","A","2018",0.678961,
"EU27_2020","PPP","TOT","NATUSD","A","2019",0.67957,
"EU27_2020","PPP","TOT","NATUSD","A","2020",0.666878,
